timeStamp,elapsed,label,responseCode,responseMessage,threadName,dataType,success,failureMessage,bytes,sentBytes,grpThreads,allThreads,URL,Filename,Latency,Encoding,SampleCount,ErrorCount,IdleTime,Connect
1527357987674,2439,https://g8h74so6w0.execute-api.us-east-1.amazonaws.com/dev/ping,200,OK,Thread Group 1-1,text,true,,529,158,2,22,https://g8h74so6w0.execute-api.us-east-1.amazonaws.com/dev/ping,,2439,ISO-8859-1,1,0,0,1639
1527357989190,1149,https://g8h74so6w0.execute-api.us-east-1.amazonaws.com/dev/ping,200,OK,Thread Group 1-2,text,true,,529,158,1,21,https://g8h74so6w0.execute-api.us-east-1.amazonaws.com/dev/ping,,1149,ISO-8859-1,1,0,0,400
1527357990690,548,https://g8h74so6w0.execute-api.us-east-1.amazonaws.com/dev/ping,200,OK,Thread Group 1-3,text,true,,529,158,1,31,https://g8h74so6w0.execute-api.us-east-1.amazonaws.com/dev/ping,,548,ISO-8859-1,1,0,0,425
1527357992191,497,https://g8h74so6w0.execute-api.us-east-1.amazonaws.com/dev/ping,200,OK,Thread Group 1-4,text,true,,529,158,1,41,https://g8h74so6w0.execute-api.us-east-1.amazonaws.com/dev/ping,,497,ISO-8859-1,1,0,0,387
1527357993690,524,https://g8h74so6w0.execute-api.us-east-1.amazonaws.com/dev/ping,200,OK,Thread Group 1-5,text,true,,529,158,1,48,https://g8h74so6w0.execute-api.us-east-1.amazonaws.com/dev/ping,,524,ISO-8859-1,1,0,0,394
1527357995190,551,https://g8h74so6w0.execute-api.us-east-1.amazonaws.com/dev/ping,200,OK,Thread Group 1-6,text,true,,529,158,1,55,https://g8h74so6w0.execute-api.us-east-1.amazonaws.com/dev/ping,,551,ISO-8859-1,1,0,0,409
1527357996691,494,https://g8h74so6w0.execute-api.us-east-1.amazonaws.com/dev/ping,200,OK,Thread Group 1-7,text,true,,529,158,1,63,https://g8h74so6w0.execute-api.us-east-1.amazonaws.com/dev/ping,,494,ISO-8859-1,1,0,0,386
1527357998161,505,https://g8h74so6w0.execute-api.us-east-1.amazonaws.com/dev/ping,200,OK,Thread Group 1-8,text,true,,529,158,1,60,https://g8h74so6w0.execute-api.us-east-1.amazonaws.com/dev/ping,,505,ISO-8859-1,1,0,0,387
1527357999662,513,https://g8h74so6w0.execute-api.us-east-1.amazonaws.com/dev/ping,200,OK,Thread Group 1-9,text,true,,529,158,1,62,https://g8h74so6w0.execute-api.us-east-1.amazonaws.com/dev/ping,,513,ISO-8859-1,1,0,0,400
1527358001161,548,https://g8h74so6w0.execute-api.us-east-1.amazonaws.com/dev/ping,200,OK,Thread Group 1-10,text,true,,529,158,1,65,https://g8h74so6w0.execute-api.us-east-1.amazonaws.com/dev/ping,,548,ISO-8859-1,1,0,0,390
1527358002708,525,https://g8h74so6w0.execute-api.us-east-1.amazonaws.com/dev/ping,200,OK,Thread Group 1-11,text,true,,529,158,1,70,https://g8h74so6w0.execute-api.us-east-1.amazonaws.com/dev/ping,,525,ISO-8859-1,1,0,0,396
1527358004208,559,https://g8h74so6w0.execute-api.us-east-1.amazonaws.com/dev/ping,200,OK,Thread Group 1-12,text,true,,529,158,1,74,https://g8h74so6w0.execute-api.us-east-1.amazonaws.com/dev/ping,,559,ISO-8859-1,1,0,0,415
1527358005707,530,https://g8h74so6w0.execute-api.us-east-1.amazonaws.com/dev/ping,200,OK,Thread Group 1-13,text,true,,529,158,1,76,https://g8h74so6w0.execute-api.us-east-1.amazonaws.com/dev/ping,,530,ISO-8859-1,1,0,0,408
1527358007206,515,https://g8h74so6w0.execute-api.us-east-1.amazonaws.com/dev/ping,200,OK,Thread Group 1-14,text,true,,529,158,1,78,https://g8h74so6w0.execute-api.us-east-1.amazonaws.com/dev/ping,,515,ISO-8859-1,1,0,0,403
1527358008707,526,https://g8h74so6w0.execute-api.us-east-1.amazonaws.com/dev/ping,200,OK,Thread Group 1-15,text,true,,529,158,1,81,https://g8h74so6w0.execute-api.us-east-1.amazonaws.com/dev/ping,,526,ISO-8859-1,1,0,0,407
1527358010207,504,https://g8h74so6w0.execute-api.us-east-1.amazonaws.com/dev/ping,200,OK,Thread Group 1-16,text,true,,529,158,1,87,https://g8h74so6w0.execute-api.us-east-1.amazonaws.com/dev/ping,,504,ISO-8859-1,1,0,0,392
1527358011677,516,https://g8h74so6w0.execute-api.us-east-1.amazonaws.com/dev/ping,200,OK,Thread Group 1-17,text,true,,529,158,1,91,https://g8h74so6w0.execute-api.us-east-1.amazonaws.com/dev/ping,,516,ISO-8859-1,1,0,0,404
1527358013176,496,https://g8h74so6w0.execute-api.us-east-1.amazonaws.com/dev/ping,200,OK,Thread Group 1-18,text,true,,529,158,1,93,https://g8h74so6w0.execute-api.us-east-1.amazonaws.com/dev/ping,,496,ISO-8859-1,1,0,0,385
1527358014677,552,https://g8h74so6w0.execute-api.us-east-1.amazonaws.com/dev/ping,200,OK,Thread Group 1-19,text,true,,529,158,1,94,https://g8h74so6w0.execute-api.us-east-1.amazonaws.com/dev/ping,,552,ISO-8859-1,1,0,0,407
1527358016177,631,https://g8h74so6w0.execute-api.us-east-1.amazonaws.com/dev/ping,200,OK,Thread Group 1-20,text,true,,529,158,1,97,https://g8h74so6w0.execute-api.us-east-1.amazonaws.com/dev/ping,,631,ISO-8859-1,1,0,0,407
1527358017706,527,https://g8h74so6w0.execute-api.us-east-1.amazonaws.com/dev/ping,200,OK,Thread Group 1-21,text,true,,529,158,1,99,https://g8h74so6w0.execute-api.us-east-1.amazonaws.com/dev/ping,,526,ISO-8859-1,1,0,0,409
1527358019206,514,https://g8h74so6w0.execute-api.us-east-1.amazonaws.com/dev/ping,200,OK,Thread Group 1-22,text,true,,529,158,1,101,https://g8h74so6w0.execute-api.us-east-1.amazonaws.com/dev/ping,,514,ISO-8859-1,1,0,0,410
1527358020707,511,https://g8h74so6w0.execute-api.us-east-1.amazonaws.com/dev/ping,200,OK,Thread Group 1-23,text,true,,529,158,1,104,https://g8h74so6w0.execute-api.us-east-1.amazonaws.com/dev/ping,,511,ISO-8859-1,1,0,0,387
1527358022206,482,https://g8h74so6w0.execute-api.us-east-1.amazonaws.com/dev/ping,200,OK,Thread Group 1-24,text,true,,529,158,1,107,https://g8h74so6w0.execute-api.us-east-1.amazonaws.com/dev/ping,,482,ISO-8859-1,1,0,0,373
1527358023707,553,https://g8h74so6w0.execute-api.us-east-1.amazonaws.com/dev/ping,200,OK,Thread Group 1-25,text,true,,529,158,1,105,https://g8h74so6w0.execute-api.us-east-1.amazonaws.com/dev/ping,,553,ISO-8859-1,1,0,0,384
1527358025206,504,https://g8h74so6w0.execute-api.us-east-1.amazonaws.com/dev/ping,200,OK,Thread Group 1-26,text,true,,529,158,1,110,https://g8h74so6w0.execute-api.us-east-1.amazonaws.com/dev/ping,,504,ISO-8859-1,1,0,0,379
1527358026707,540,https://g8h74so6w0.execute-api.us-east-1.amazonaws.com/dev/ping,200,OK,Thread Group 1-27,text,true,,529,158,1,114,https://g8h74so6w0.execute-api.us-east-1.amazonaws.com/dev/ping,,540,ISO-8859-1,1,0,0,370
1527358028178,492,https://g8h74so6w0.execute-api.us-east-1.amazonaws.com/dev/ping,200,OK,Thread Group 1-28,text,true,,529,158,1,115,https://g8h74so6w0.execute-api.us-east-1.amazonaws.com/dev/ping,,492,ISO-8859-1,1,0,0,380
1527358029678,506,https://g8h74so6w0.execute-api.us-east-1.amazonaws.com/dev/ping,200,OK,Thread Group 1-29,text,true,,529,158,1,109,https://g8h74so6w0.execute-api.us-east-1.amazonaws.com/dev/ping,,506,ISO-8859-1,1,0,0,397
1527358031178,514,https://g8h74so6w0.execute-api.us-east-1.amazonaws.com/dev/ping,200,OK,Thread Group 1-30,text,true,,529,158,1,113,https://g8h74so6w0.execute-api.us-east-1.amazonaws.com/dev/ping,,514,ISO-8859-1,1,0,0,395
1527358032707,481,https://g8h74so6w0.execute-api.us-east-1.amazonaws.com/dev/ping,200,OK,Thread Group 1-31,text,true,,529,158,1,116,https://g8h74so6w0.execute-api.us-east-1.amazonaws.com/dev/ping,,481,ISO-8859-1,1,0,0,378
1527358034207,540,https://g8h74so6w0.execute-api.us-east-1.amazonaws.com/dev/ping,200,OK,Thread Group 1-32,text,true,,529,158,1,114,https://g8h74so6w0.execute-api.us-east-1.amazonaws.com/dev/ping,,540,ISO-8859-1,1,0,0,419
1527358035706,498,https://g8h74so6w0.execute-api.us-east-1.amazonaws.com/dev/ping,200,OK,Thread Group 1-33,text,true,,529,158,1,113,https://g8h74so6w0.execute-api.us-east-1.amazonaws.com/dev/ping,,498,ISO-8859-1,1,0,0,385
1527358037208,582,https://g8h74so6w0.execute-api.us-east-1.amazonaws.com/dev/ping,200,OK,Thread Group 1-34,text,true,,529,158,1,112,https://g8h74so6w0.execute-api.us-east-1.amazonaws.com/dev/ping,,582,ISO-8859-1,1,0,0,404
1527358038707,523,https://g8h74so6w0.execute-api.us-east-1.amazonaws.com/dev/ping,200,OK,Thread Group 1-35,text,true,,529,158,1,115,https://g8h74so6w0.execute-api.us-east-1.amazonaws.com/dev/ping,,523,ISO-8859-1,1,0,0,405
1527358040207,607,https://g8h74so6w0.execute-api.us-east-1.amazonaws.com/dev/ping,200,OK,Thread Group 1-36,text,true,,529,158,1,114,https://g8h74so6w0.execute-api.us-east-1.amazonaws.com/dev/ping,,607,ISO-8859-1,1,0,0,416
1527358041707,556,https://g8h74so6w0.execute-api.us-east-1.amazonaws.com/dev/ping,200,OK,Thread Group 1-37,text,true,,529,158,1,114,https://g8h74so6w0.execute-api.us-east-1.amazonaws.com/dev/ping,,556,ISO-8859-1,1,0,0,438
1527358043178,508,https://g8h74so6w0.execute-api.us-east-1.amazonaws.com/dev/ping,200,OK,Thread Group 1-38,text,true,,529,158,1,114,https://g8h74so6w0.execute-api.us-east-1.amazonaws.com/dev/ping,,508,ISO-8859-1,1,0,0,387
1527358044678,538,https://g8h74so6w0.execute-api.us-east-1.amazonaws.com/dev/ping,200,OK,Thread Group 1-39,text,true,,529,158,1,110,https://g8h74so6w0.execute-api.us-east-1.amazonaws.com/dev/ping,,538,ISO-8859-1,1,0,0,411
1527358046178,500,https://g8h74so6w0.execute-api.us-east-1.amazonaws.com/dev/ping,200,OK,Thread Group 1-40,text,true,,529,158,1,107,https://g8h74so6w0.execute-api.us-east-1.amazonaws.com/dev/ping,,500,ISO-8859-1,1,0,0,388
1527358047708,513,https://g8h74so6w0.execute-api.us-east-1.amazonaws.com/dev/ping,200,OK,Thread Group 1-41,text,true,,529,158,1,107,https://g8h74so6w0.execute-api.us-east-1.amazonaws.com/dev/ping,,513,ISO-8859-1,1,0,0,391
1527358049206,506,https://g8h74so6w0.execute-api.us-east-1.amazonaws.com/dev/ping,200,OK,Thread Group 1-42,text,true,,529,158,1,110,https://g8h74so6w0.execute-api.us-east-1.amazonaws.com/dev/ping,,506,ISO-8859-1,1,0,0,380
1527358050706,1682,https://g8h74so6w0.execute-api.us-east-1.amazonaws.com/dev/ping,200,OK,Thread Group 1-43,text,true,,529,158,2,102,https://g8h74so6w0.execute-api.us-east-1.amazonaws.com/dev/ping,,1682,ISO-8859-1,1,0,0,1565
1527358052206,496,https://g8h74so6w0.execute-api.us-east-1.amazonaws.com/dev/ping,200,OK,Thread Group 1-44,text,true,,529,158,1,103,https://g8h74so6w0.execute-api.us-east-1.amazonaws.com/dev/ping,,496,ISO-8859-1,1,0,0,382
1527358053707,485,https://g8h74so6w0.execute-api.us-east-1.amazonaws.com/dev/ping,200,OK,Thread Group 1-45,text,true,,529,158,1,103,https://g8h74so6w0.execute-api.us-east-1.amazonaws.com/dev/ping,,485,ISO-8859-1,1,0,0,380
1527358055207,497,https://g8h74so6w0.execute-api.us-east-1.amazonaws.com/dev/ping,200,OK,Thread Group 1-46,text,true,,529,158,1,105,https://g8h74so6w0.execute-api.us-east-1.amazonaws.com/dev/ping,,497,ISO-8859-1,1,0,0,388
1527358056706,499,https://g8h74so6w0.execute-api.us-east-1.amazonaws.com/dev/ping,200,OK,Thread Group 1-47,text,true,,529,158,1,99,https://g8h74so6w0.execute-api.us-east-1.amazonaws.com/dev/ping,,499,ISO-8859-1,1,0,0,386
1527358058178,522,https://g8h74so6w0.execute-api.us-east-1.amazonaws.com/dev/ping,200,OK,Thread Group 1-48,text,true,,529,158,1,96,https://g8h74so6w0.execute-api.us-east-1.amazonaws.com/dev/ping,,522,ISO-8859-1,1,0,0,391
1527358059678,476,https://g8h74so6w0.execute-api.us-east-1.amazonaws.com/dev/ping,200,OK,Thread Group 1-49,text,true,,529,158,1,97,https://g8h74so6w0.execute-api.us-east-1.amazonaws.com/dev/ping,,476,ISO-8859-1,1,0,0,369
1527358061178,519,https://g8h74so6w0.execute-api.us-east-1.amazonaws.com/dev/ping,200,OK,Thread Group 1-50,text,true,,529,158,1,100,https://g8h74so6w0.execute-api.us-east-1.amazonaws.com/dev/ping,,519,ISO-8859-1,1,0,0,402
1527358062707,496,https://g8h74so6w0.execute-api.us-east-1.amazonaws.com/dev/ping,200,OK,Thread Group 1-51,text,true,,529,158,1,97,https://g8h74so6w0.execute-api.us-east-1.amazonaws.com/dev/ping,,496,ISO-8859-1,1,0,0,380
1527358064207,521,https://g8h74so6w0.execute-api.us-east-1.amazonaws.com/dev/ping,200,OK,Thread Group 1-52,text,true,,529,158,1,96,https://g8h74so6w0.execute-api.us-east-1.amazonaws.com/dev/ping,,521,ISO-8859-1,1,0,0,390
1527358065706,516,https://g8h74so6w0.execute-api.us-east-1.amazonaws.com/dev/ping,200,OK,Thread Group 1-53,text,true,,529,158,1,95,https://g8h74so6w0.execute-api.us-east-1.amazonaws.com/dev/ping,,516,ISO-8859-1,1,0,0,394
1527358067206,759,https://g8h74so6w0.execute-api.us-east-1.amazonaws.com/dev/ping,200,OK,Thread Group 1-54,text,true,,529,158,1,95,https://g8h74so6w0.execute-api.us-east-1.amazonaws.com/dev/ping,,759,ISO-8859-1,1,0,0,392
1527358068706,508,https://g8h74so6w0.execute-api.us-east-1.amazonaws.com/dev/ping,200,OK,Thread Group 1-55,text,true,,529,158,1,94,https://g8h74so6w0.execute-api.us-east-1.amazonaws.com/dev/ping,,508,ISO-8859-1,1,0,0,398
1527358070206,547,https://g8h74so6w0.execute-api.us-east-1.amazonaws.com/dev/ping,200,OK,Thread Group 1-56,text,true,,529,158,1,95,https://g8h74so6w0.execute-api.us-east-1.amazonaws.com/dev/ping,,547,ISO-8859-1,1,0,0,414
1527358071706,570,https://g8h74so6w0.execute-api.us-east-1.amazonaws.com/dev/ping,200,OK,Thread Group 1-57,text,true,,529,158,1,93,https://g8h74so6w0.execute-api.us-east-1.amazonaws.com/dev/ping,,570,ISO-8859-1,1,0,0,404
1527358073161,522,https://g8h74so6w0.execute-api.us-east-1.amazonaws.com/dev/ping,200,OK,Thread Group 1-58,text,true,,529,158,1,91,https://g8h74so6w0.execute-api.us-east-1.amazonaws.com/dev/ping,,522,ISO-8859-1,1,0,0,399
1527358074678,497,https://g8h74so6w0.execute-api.us-east-1.amazonaws.com/dev/ping,200,OK,Thread Group 1-59,text,true,,529,158,1,91,https://g8h74so6w0.execute-api.us-east-1.amazonaws.com/dev/ping,,497,ISO-8859-1,1,0,0,390
1527358076178,753,https://g8h74so6w0.execute-api.us-east-1.amazonaws.com/dev/ping,200,OK,Thread Group 1-60,text,true,,529,158,1,90,https://g8h74so6w0.execute-api.us-east-1.amazonaws.com/dev/ping,,753,ISO-8859-1,1,0,0,621
1527358077706,524,https://g8h74so6w0.execute-api.us-east-1.amazonaws.com/dev/ping,200,OK,Thread Group 1-61,text,true,,529,158,1,89,https://g8h74so6w0.execute-api.us-east-1.amazonaws.com/dev/ping,,524,ISO-8859-1,1,0,0,405
1527358079207,534,https://g8h74so6w0.execute-api.us-east-1.amazonaws.com/dev/ping,200,OK,Thread Group 1-62,text,true,,529,158,1,91,https://g8h74so6w0.execute-api.us-east-1.amazonaws.com/dev/ping,,534,ISO-8859-1,1,0,0,402
1527358080707,515,https://g8h74so6w0.execute-api.us-east-1.amazonaws.com/dev/ping,200,OK,Thread Group 1-63,text,true,,529,158,1,90,https://g8h74so6w0.execute-api.us-east-1.amazonaws.com/dev/ping,,515,ISO-8859-1,1,0,0,406
1527358082181,507,https://g8h74so6w0.execute-api.us-east-1.amazonaws.com/dev/ping,200,OK,Thread Group 1-64,text,true,,529,158,1,87,https://g8h74so6w0.execute-api.us-east-1.amazonaws.com/dev/ping,,507,ISO-8859-1,1,0,0,398
1527358083678,496,https://g8h74so6w0.execute-api.us-east-1.amazonaws.com/dev/ping,200,OK,Thread Group 1-65,text,true,,529,158,1,90,https://g8h74so6w0.execute-api.us-east-1.amazonaws.com/dev/ping,,496,ISO-8859-1,1,0,0,384
1527358085178,537,https://g8h74so6w0.execute-api.us-east-1.amazonaws.com/dev/ping,200,OK,Thread Group 1-66,text,true,,529,158,1,91,https://g8h74so6w0.execute-api.us-east-1.amazonaws.com/dev/ping,,536,ISO-8859-1,1,0,0,404
1527358086679,575,https://g8h74so6w0.execute-api.us-east-1.amazonaws.com/dev/ping,200,OK,Thread Group 1-67,text,true,,529,158,1,91,https://g8h74so6w0.execute-api.us-east-1.amazonaws.com/dev/ping,,575,ISO-8859-1,1,0,0,463
1527358088177,492,https://g8h74so6w0.execute-api.us-east-1.amazonaws.com/dev/ping,200,OK,Thread Group 1-68,text,true,,529,158,1,89,https://g8h74so6w0.execute-api.us-east-1.amazonaws.com/dev/ping,,492,ISO-8859-1,1,0,0,382
1527358089677,517,https://g8h74so6w0.execute-api.us-east-1.amazonaws.com/dev/ping,200,OK,Thread Group 1-69,text,true,,529,158,1,87,https://g8h74so6w0.execute-api.us-east-1.amazonaws.com/dev/ping,,517,ISO-8859-1,1,0,0,384
1527358091177,532,https://g8h74so6w0.execute-api.us-east-1.amazonaws.com/dev/ping,200,OK,Thread Group 1-70,text,true,,529,158,1,91,https://g8h74so6w0.execute-api.us-east-1.amazonaws.com/dev/ping,,532,ISO-8859-1,1,0,0,418
1527358092706,516,https://g8h74so6w0.execute-api.us-east-1.amazonaws.com/dev/ping,200,OK,Thread Group 1-71,text,true,,529,158,1,93,https://g8h74so6w0.execute-api.us-east-1.amazonaws.com/dev/ping,,516,ISO-8859-1,1,0,0,398
1527358094206,546,https://g8h74so6w0.execute-api.us-east-1.amazonaws.com/dev/ping,200,OK,Thread Group 1-72,text,true,,529,158,1,89,https://g8h74so6w0.execute-api.us-east-1.amazonaws.com/dev/ping,,546,ISO-8859-1,1,0,0,410
1527358095706,532,https://g8h74so6w0.execute-api.us-east-1.amazonaws.com/dev/ping,200,OK,Thread Group 1-73,text,true,,529,158,1,89,https://g8h74so6w0.execute-api.us-east-1.amazonaws.com/dev/ping,,532,ISO-8859-1,1,0,0,406
1527358097177,534,https://g8h74so6w0.execute-api.us-east-1.amazonaws.com/dev/ping,200,OK,Thread Group 1-74,text,true,,529,158,1,86,https://g8h74so6w0.execute-api.us-east-1.amazonaws.com/dev/ping,,534,ISO-8859-1,1,0,0,396
1527358098678,498,https://g8h74so6w0.execute-api.us-east-1.amazonaws.com/dev/ping,200,OK,Thread Group 1-75,text,true,,529,158,1,86,https://g8h74so6w0.execute-api.us-east-1.amazonaws.com/dev/ping,,498,ISO-8859-1,1,0,0,383
1527358100177,528,https://g8h74so6w0.execute-api.us-east-1.amazonaws.com/dev/ping,200,OK,Thread Group 1-76,text,true,,529,158,1,89,https://g8h74so6w0.execute-api.us-east-1.amazonaws.com/dev/ping,,528,ISO-8859-1,1,0,0,407
1527358101676,488,https://g8h74so6w0.execute-api.us-east-1.amazonaws.com/dev/ping,200,OK,Thread Group 1-77,text,true,,529,158,1,93,https://g8h74so6w0.execute-api.us-east-1.amazonaws.com/dev/ping,,488,ISO-8859-1,1,0,0,382
1527358103178,544,https://g8h74so6w0.execute-api.us-east-1.amazonaws.com/dev/ping,200,OK,Thread Group 1-78,text,true,,529,158,1,91,https://g8h74so6w0.execute-api.us-east-1.amazonaws.com/dev/ping,,544,ISO-8859-1,1,0,0,426
1527358104678,505,https://g8h74so6w0.execute-api.us-east-1.amazonaws.com/dev/ping,200,OK,Thread Group 1-79,text,true,,529,158,1,90,https://g8h74so6w0.execute-api.us-east-1.amazonaws.com/dev/ping,,505,ISO-8859-1,1,0,0,396
1527358106178,516,https://g8h74so6w0.execute-api.us-east-1.amazonaws.com/dev/ping,200,OK,Thread Group 1-80,text,true,,529,158,1,88,https://g8h74so6w0.execute-api.us-east-1.amazonaws.com/dev/ping,,516,ISO-8859-1,1,0,0,391
1527358107706,510,https://g8h74so6w0.execute-api.us-east-1.amazonaws.com/dev/ping,200,OK,Thread Group 1-81,text,true,,529,158,1,89,https://g8h74so6w0.execute-api.us-east-1.amazonaws.com/dev/ping,,510,ISO-8859-1,1,0,0,402
1527358109206,536,https://g8h74so6w0.execute-api.us-east-1.amazonaws.com/dev/ping,200,OK,Thread Group 1-82,text,true,,529,158,1,91,https://g8h74so6w0.execute-api.us-east-1.amazonaws.com/dev/ping,,536,ISO-8859-1,1,0,0,425
1527358110706,806,https://g8h74so6w0.execute-api.us-east-1.amazonaws.com/dev/ping,200,OK,Thread Group 1-83,text,true,,529,158,1,90,https://g8h74so6w0.execute-api.us-east-1.amazonaws.com/dev/ping,,806,ISO-8859-1,1,0,0,698
1527358112177,507,https://g8h74so6w0.execute-api.us-east-1.amazonaws.com/dev/ping,200,OK,Thread Group 1-84,text,true,,529,158,1,93,https://g8h74so6w0.execute-api.us-east-1.amazonaws.com/dev/ping,,507,ISO-8859-1,1,0,0,393
1527358113678,1563,https://g8h74so6w0.execute-api.us-east-1.amazonaws.com/dev/ping,200,OK,Thread Group 1-85,text,true,,529,158,2,86,https://g8h74so6w0.execute-api.us-east-1.amazonaws.com/dev/ping,,1563,ISO-8859-1,1,0,0,1447
1527358115178,496,https://g8h74so6w0.execute-api.us-east-1.amazonaws.com/dev/ping,200,OK,Thread Group 1-86,text,true,,529,158,1,91,https://g8h74so6w0.execute-api.us-east-1.amazonaws.com/dev/ping,,496,ISO-8859-1,1,0,0,388
1527358116678,537,https://g8h74so6w0.execute-api.us-east-1.amazonaws.com/dev/ping,200,OK,Thread Group 1-87,text,true,,529,158,1,89,https://g8h74so6w0.execute-api.us-east-1.amazonaws.com/dev/ping,,537,ISO-8859-1,1,0,0,400
1527358118178,492,https://g8h74so6w0.execute-api.us-east-1.amazonaws.com/dev/ping,200,OK,Thread Group 1-88,text,true,,529,158,1,91,https://g8h74so6w0.execute-api.us-east-1.amazonaws.com/dev/ping,,492,ISO-8859-1,1,0,0,383
1527358119678,513,https://g8h74so6w0.execute-api.us-east-1.amazonaws.com/dev/ping,200,OK,Thread Group 1-89,text,true,,529,158,1,89,https://g8h74so6w0.execute-api.us-east-1.amazonaws.com/dev/ping,,513,ISO-8859-1,1,0,0,402
1527358121178,511,https://g8h74so6w0.execute-api.us-east-1.amazonaws.com/dev/ping,200,OK,Thread Group 1-90,text,true,,529,158,1,87,https://g8h74so6w0.execute-api.us-east-1.amazonaws.com/dev/ping,,511,ISO-8859-1,1,0,0,399
1527358122707,503,https://g8h74so6w0.execute-api.us-east-1.amazonaws.com/dev/ping,200,OK,Thread Group 1-91,text,true,,529,158,1,89,https://g8h74so6w0.execute-api.us-east-1.amazonaws.com/dev/ping,,503,ISO-8859-1,1,0,0,392
1527358124207,527,https://g8h74so6w0.execute-api.us-east-1.amazonaws.com/dev/ping,200,OK,Thread Group 1-92,text,true,,529,158,1,87,https://g8h74so6w0.execute-api.us-east-1.amazonaws.com/dev/ping,,527,ISO-8859-1,1,0,0,390
1527358125707,497,https://g8h74so6w0.execute-api.us-east-1.amazonaws.com/dev/ping,200,OK,Thread Group 1-93,text,true,,529,158,1,88,https://g8h74so6w0.execute-api.us-east-1.amazonaws.com/dev/ping,,497,ISO-8859-1,1,0,0,390
1527358127178,526,https://g8h74so6w0.execute-api.us-east-1.amazonaws.com/dev/ping,200,OK,Thread Group 1-94,text,true,,529,158,1,90,https://g8h74so6w0.execute-api.us-east-1.amazonaws.com/dev/ping,,526,ISO-8859-1,1,0,0,396
1527358128679,509,https://g8h74so6w0.execute-api.us-east-1.amazonaws.com/dev/ping,200,OK,Thread Group 1-95,text,true,,529,158,1,91,https://g8h74so6w0.execute-api.us-east-1.amazonaws.com/dev/ping,,508,ISO-8859-1,1,0,0,380
1527358130178,501,https://g8h74so6w0.execute-api.us-east-1.amazonaws.com/dev/ping,200,OK,Thread Group 1-96,text,true,,529,158,1,86,https://g8h74so6w0.execute-api.us-east-1.amazonaws.com/dev/ping,,501,ISO-8859-1,1,0,0,387
1527358131678,530,https://g8h74so6w0.execute-api.us-east-1.amazonaws.com/dev/ping,200,OK,Thread Group 1-97,text,true,,529,158,1,85,https://g8h74so6w0.execute-api.us-east-1.amazonaws.com/dev/ping,,530,ISO-8859-1,1,0,0,407
1527358133178,500,https://g8h74so6w0.execute-api.us-east-1.amazonaws.com/dev/ping,200,OK,Thread Group 1-98,text,true,,529,158,1,87,https://g8h74so6w0.execute-api.us-east-1.amazonaws.com/dev/ping,,500,ISO-8859-1,1,0,0,390
1527358134678,526,https://g8h74so6w0.execute-api.us-east-1.amazonaws.com/dev/ping,200,OK,Thread Group 1-99,text,true,,529,158,1,87,https://g8h74so6w0.execute-api.us-east-1.amazonaws.com/dev/ping,,526,ISO-8859-1,1,0,0,402
1527358136178,719,https://g8h74so6w0.execute-api.us-east-1.amazonaws.com/dev/ping,200,OK,Thread Group 1-100,text,true,,529,158,1,86,https://g8h74so6w0.execute-api.us-east-1.amazonaws.com/dev/ping,,719,ISO-8859-1,1,0,0,614
1527358137707,511,https://g8h74so6w0.execute-api.us-east-1.amazonaws.com/dev/ping,200,OK,Thread Group 1-101,text,true,,529,158,1,90,https://g8h74so6w0.execute-api.us-east-1.amazonaws.com/dev/ping,,511,ISO-8859-1,1,0,0,395
1527358139206,505,https://g8h74so6w0.execute-api.us-east-1.amazonaws.com/dev/ping,200,OK,Thread Group 1-102,text,true,,529,158,1,91,https://g8h74so6w0.execute-api.us-east-1.amazonaws.com/dev/ping,,505,ISO-8859-1,1,0,0,385
1527358140706,487,https://g8h74so6w0.execute-api.us-east-1.amazonaws.com/dev/ping,200,OK,Thread Group 1-103,text,true,,529,158,1,87,https://g8h74so6w0.execute-api.us-east-1.amazonaws.com/dev/ping,,487,ISO-8859-1,1,0,0,379
1527358142177,529,https://g8h74so6w0.execute-api.us-east-1.amazonaws.com/dev/ping,200,OK,Thread Group 1-104,text,true,,529,158,1,88,https://g8h74so6w0.execute-api.us-east-1.amazonaws.com/dev/ping,,529,ISO-8859-1,1,0,0,387
1527358143677,543,https://g8h74so6w0.execute-api.us-east-1.amazonaws.com/dev/ping,200,OK,Thread Group 1-105,text,true,,529,158,1,92,https://g8h74so6w0.execute-api.us-east-1.amazonaws.com/dev/ping,,543,ISO-8859-1,1,0,0,425
1527358145177,521,https://g8h74so6w0.execute-api.us-east-1.amazonaws.com/dev/ping,200,OK,Thread Group 1-106,text,true,,529,158,1,88,https://g8h74so6w0.execute-api.us-east-1.amazonaws.com/dev/ping,,521,ISO-8859-1,1,0,0,403
1527358146662,499,https://g8h74so6w0.execute-api.us-east-1.amazonaws.com/dev/ping,200,OK,Thread Group 1-107,text,true,,529,158,1,89,https://g8h74so6w0.execute-api.us-east-1.amazonaws.com/dev/ping,,499,ISO-8859-1,1,0,0,380
1527358148178,519,https://g8h74so6w0.execute-api.us-east-1.amazonaws.com/dev/ping,200,OK,Thread Group 1-108,text,true,,529,158,1,91,https://g8h74so6w0.execute-api.us-east-1.amazonaws.com/dev/ping,,519,ISO-8859-1,1,0,0,397
1527358149678,539,https://g8h74so6w0.execute-api.us-east-1.amazonaws.com/dev/ping,200,OK,Thread Group 1-109,text,true,,529,158,1,90,https://g8h74so6w0.execute-api.us-east-1.amazonaws.com/dev/ping,,539,ISO-8859-1,1,0,0,415
1527358151178,521,https://g8h74so6w0.execute-api.us-east-1.amazonaws.com/dev/ping,200,OK,Thread Group 1-110,text,true,,529,158,1,90,https://g8h74so6w0.execute-api.us-east-1.amazonaws.com/dev/ping,,521,ISO-8859-1,1,0,0,391
1527358152677,520,https://g8h74so6w0.execute-api.us-east-1.amazonaws.com/dev/ping,200,OK,Thread Group 1-111,text,true,,529,158,1,90,https://g8h74so6w0.execute-api.us-east-1.amazonaws.com/dev/ping,,520,ISO-8859-1,1,0,0,385
1527358154177,641,https://g8h74so6w0.execute-api.us-east-1.amazonaws.com/dev/ping,200,OK,Thread Group 1-112,text,true,,529,158,1,91,https://g8h74so6w0.execute-api.us-east-1.amazonaws.com/dev/ping,,641,ISO-8859-1,1,0,0,523
1527358155678,512,https://g8h74so6w0.execute-api.us-east-1.amazonaws.com/dev/ping,200,OK,Thread Group 1-113,text,true,,529,158,1,90,https://g8h74so6w0.execute-api.us-east-1.amazonaws.com/dev/ping,,512,ISO-8859-1,1,0,0,392
1527358157177,519,https://g8h74so6w0.execute-api.us-east-1.amazonaws.com/dev/ping,200,OK,Thread Group 1-114,text,true,,529,158,1,91,https://g8h74so6w0.execute-api.us-east-1.amazonaws.com/dev/ping,,519,ISO-8859-1,1,0,0,397
1527358158677,491,https://g8h74so6w0.execute-api.us-east-1.amazonaws.com/dev/ping,200,OK,Thread Group 1-115,text,true,,529,158,1,90,https://g8h74so6w0.execute-api.us-east-1.amazonaws.com/dev/ping,,491,ISO-8859-1,1,0,0,383
1527358160177,1711,https://g8h74so6w0.execute-api.us-east-1.amazonaws.com/dev/ping,200,OK,Thread Group 1-116,text,true,,529,158,2,91,https://g8h74so6w0.execute-api.us-east-1.amazonaws.com/dev/ping,,1711,ISO-8859-1,1,0,0,1321
1527358161677,877,https://g8h74so6w0.execute-api.us-east-1.amazonaws.com/dev/ping,200,OK,Thread Group 1-117,text,true,,529,158,1,86,https://g8h74so6w0.execute-api.us-east-1.amazonaws.com/dev/ping,,877,ISO-8859-1,1,0,0,762
1527358163178,533,https://g8h74so6w0.execute-api.us-east-1.amazonaws.com/dev/ping,200,OK,Thread Group 1-118,text,true,,529,158,1,88,https://g8h74so6w0.execute-api.us-east-1.amazonaws.com/dev/ping,,533,ISO-8859-1,1,0,0,395
1527358164678,540,https://g8h74so6w0.execute-api.us-east-1.amazonaws.com/dev/ping,200,OK,Thread Group 1-119,text,true,,529,158,1,87,https://g8h74so6w0.execute-api.us-east-1.amazonaws.com/dev/ping,,540,ISO-8859-1,1,0,0,396
1527358167677,524,https://g8h74so6w0.execute-api.us-east-1.amazonaws.com/dev/ping,200,OK,Thread Group 1-121,text,true,,529,158,2,93,https://g8h74so6w0.execute-api.us-east-1.amazonaws.com/dev/ping,,524,ISO-8859-1,1,0,0,396
1527358166178,2043,https://g8h74so6w0.execute-api.us-east-1.amazonaws.com/dev/ping,200,OK,Thread Group 1-120,text,true,,529,158,1,91,https://g8h74so6w0.execute-api.us-east-1.amazonaws.com/dev/ping,,2043,ISO-8859-1,1,0,0,433
1527358169178,541,https://g8h74so6w0.execute-api.us-east-1.amazonaws.com/dev/ping,200,OK,Thread Group 1-122,text,true,,529,158,1,92,https://g8h74so6w0.execute-api.us-east-1.amazonaws.com/dev/ping,,541,ISO-8859-1,1,0,0,386
1527358170678,560,https://g8h74so6w0.execute-api.us-east-1.amazonaws.com/dev/ping,200,OK,Thread Group 1-123,text,true,,529,158,1,94,https://g8h74so6w0.execute-api.us-east-1.amazonaws.com/dev/ping,,560,ISO-8859-1,1,0,0,413
1527358172220,509,https://g8h74so6w0.execute-api.us-east-1.amazonaws.com/dev/ping,200,OK,Thread Group 1-124,text,true,,529,158,1,92,https://g8h74so6w0.execute-api.us-east-1.amazonaws.com/dev/ping,,509,ISO-8859-1,1,0,0,401
1527358173720,508,https://g8h74so6w0.execute-api.us-east-1.amazonaws.com/dev/ping,200,OK,Thread Group 1-125,text,true,,529,158,1,93,https://g8h74so6w0.execute-api.us-east-1.amazonaws.com/dev/ping,,508,ISO-8859-1,1,0,0,400
1527358175220,1806,https://g8h74so6w0.execute-api.us-east-1.amazonaws.com/dev/ping,200,OK,Thread Group 1-126,text,true,,529,158,2,95,https://g8h74so6w0.execute-api.us-east-1.amazonaws.com/dev/ping,,1806,ISO-8859-1,1,0,0,1674
1527358176720,522,https://g8h74so6w0.execute-api.us-east-1.amazonaws.com/dev/ping,200,OK,Thread Group 1-127,text,true,,529,158,1,90,https://g8h74so6w0.execute-api.us-east-1.amazonaws.com/dev/ping,,522,ISO-8859-1,1,0,0,411
1527358178192,540,https://g8h74so6w0.execute-api.us-east-1.amazonaws.com/dev/ping,200,OK,Thread Group 1-128,text,true,,529,158,1,91,https://g8h74so6w0.execute-api.us-east-1.amazonaws.com/dev/ping,,540,ISO-8859-1,1,0,0,414
1527358179693,506,https://g8h74so6w0.execute-api.us-east-1.amazonaws.com/dev/ping,200,OK,Thread Group 1-129,text,true,,529,158,1,93,https://g8h74so6w0.execute-api.us-east-1.amazonaws.com/dev/ping,,506,ISO-8859-1,1,0,0,395
1527358181192,493,https://g8h74so6w0.execute-api.us-east-1.amazonaws.com/dev/ping,200,OK,Thread Group 1-130,text,true,,529,158,1,89,https://g8h74so6w0.execute-api.us-east-1.amazonaws.com/dev/ping,,493,ISO-8859-1,1,0,0,384
1527358182722,510,https://g8h74so6w0.execute-api.us-east-1.amazonaws.com/dev/ping,200,OK,Thread Group 1-131,text,true,,529,158,1,87,https://g8h74so6w0.execute-api.us-east-1.amazonaws.com/dev/ping,,510,ISO-8859-1,1,0,0,375
1527358184223,523,https://g8h74so6w0.execute-api.us-east-1.amazonaws.com/dev/ping,200,OK,Thread Group 1-132,text,true,,529,158,1,88,https://g8h74so6w0.execute-api.us-east-1.amazonaws.com/dev/ping,,523,ISO-8859-1,1,0,0,403
1527358185722,508,https://g8h74so6w0.execute-api.us-east-1.amazonaws.com/dev/ping,200,OK,Thread Group 1-133,text,true,,529,158,1,89,https://g8h74so6w0.execute-api.us-east-1.amazonaws.com/dev/ping,,508,ISO-8859-1,1,0,0,390
1527358187220,511,https://g8h74so6w0.execute-api.us-east-1.amazonaws.com/dev/ping,200,OK,Thread Group 1-134,text,true,,529,158,1,89,https://g8h74so6w0.execute-api.us-east-1.amazonaws.com/dev/ping,,511,ISO-8859-1,1,0,0,388
1527358188720,513,https://g8h74so6w0.execute-api.us-east-1.amazonaws.com/dev/ping,200,OK,Thread Group 1-135,text,true,,529,158,1,89,https://g8h74so6w0.execute-api.us-east-1.amazonaws.com/dev/ping,,513,ISO-8859-1,1,0,0,401
1527358190220,516,https://g8h74so6w0.execute-api.us-east-1.amazonaws.com/dev/ping,200,OK,Thread Group 1-136,text,true,,529,158,1,88,https://g8h74so6w0.execute-api.us-east-1.amazonaws.com/dev/ping,,516,ISO-8859-1,1,0,0,403
1527358191721,490,https://g8h74so6w0.execute-api.us-east-1.amazonaws.com/dev/ping,200,OK,Thread Group 1-137,text,true,,529,158,1,87,https://g8h74so6w0.execute-api.us-east-1.amazonaws.com/dev/ping,,490,ISO-8859-1,1,0,0,381
1527358193192,485,https://g8h74so6w0.execute-api.us-east-1.amazonaws.com/dev/ping,200,OK,Thread Group 1-138,text,true,,529,158,1,86,https://g8h74so6w0.execute-api.us-east-1.amazonaws.com/dev/ping,,485,ISO-8859-1,1,0,0,376
1527358194692,516,https://g8h74so6w0.execute-api.us-east-1.amazonaws.com/dev/ping,200,OK,Thread Group 1-139,text,true,,529,158,1,89,https://g8h74so6w0.execute-api.us-east-1.amazonaws.com/dev/ping,,516,ISO-8859-1,1,0,0,400
1527358196192,522,https://g8h74so6w0.execute-api.us-east-1.amazonaws.com/dev/ping,200,OK,Thread Group 1-140,text,true,,529,158,1,88,https://g8h74so6w0.execute-api.us-east-1.amazonaws.com/dev/ping,,522,ISO-8859-1,1,0,0,406
1527358197722,510,https://g8h74so6w0.execute-api.us-east-1.amazonaws.com/dev/ping,200,OK,Thread Group 1-141,text,true,,529,158,1,86,https://g8h74so6w0.execute-api.us-east-1.amazonaws.com/dev/ping,,510,ISO-8859-1,1,0,0,404
1527358199222,578,https://g8h74so6w0.execute-api.us-east-1.amazonaws.com/dev/ping,200,OK,Thread Group 1-142,text,true,,529,158,1,87,https://g8h74so6w0.execute-api.us-east-1.amazonaws.com/dev/ping,,578,ISO-8859-1,1,0,0,383
1527358200722,545,https://g8h74so6w0.execute-api.us-east-1.amazonaws.com/dev/ping,200,OK,Thread Group 1-143,text,true,,529,158,1,86,https://g8h74so6w0.execute-api.us-east-1.amazonaws.com/dev/ping,,545,ISO-8859-1,1,0,0,408
1527358202222,578,https://g8h74so6w0.execute-api.us-east-1.amazonaws.com/dev/ping,200,OK,Thread Group 1-144,text,true,,529,158,1,89,https://g8h74so6w0.execute-api.us-east-1.amazonaws.com/dev/ping,,578,ISO-8859-1,1,0,0,402
1527358203721,500,https://g8h74so6w0.execute-api.us-east-1.amazonaws.com/dev/ping,200,OK,Thread Group 1-145,text,true,,529,158,1,89,https://g8h74so6w0.execute-api.us-east-1.amazonaws.com/dev/ping,,500,ISO-8859-1,1,0,0,393
1527358205221,534,https://g8h74so6w0.execute-api.us-east-1.amazonaws.com/dev/ping,200,OK,Thread Group 1-146,text,true,,529,158,1,89,https://g8h74so6w0.execute-api.us-east-1.amazonaws.com/dev/ping,,534,ISO-8859-1,1,0,0,402
1527358206722,515,https://g8h74so6w0.execute-api.us-east-1.amazonaws.com/dev/ping,200,OK,Thread Group 1-147,text,true,,529,158,1,86,https://g8h74so6w0.execute-api.us-east-1.amazonaws.com/dev/ping,,515,ISO-8859-1,1,0,0,399
1527358208192,540,https://g8h74so6w0.execute-api.us-east-1.amazonaws.com/dev/ping,200,OK,Thread Group 1-148,text,true,,529,158,1,88,https://g8h74so6w0.execute-api.us-east-1.amazonaws.com/dev/ping,,540,ISO-8859-1,1,0,0,417
1527358209692,620,https://g8h74so6w0.execute-api.us-east-1.amazonaws.com/dev/ping,200,OK,Thread Group 1-149,text,true,,529,158,1,87,https://g8h74so6w0.execute-api.us-east-1.amazonaws.com/dev/ping,,620,ISO-8859-1,1,0,0,437
1527358211193,518,https://g8h74so6w0.execute-api.us-east-1.amazonaws.com/dev/ping,200,OK,Thread Group 1-150,text,true,,529,158,1,85,https://g8h74so6w0.execute-api.us-east-1.amazonaws.com/dev/ping,,518,ISO-8859-1,1,0,0,398
1527358212722,539,https://g8h74so6w0.execute-api.us-east-1.amazonaws.com/dev/ping,200,OK,Thread Group 1-151,text,true,,529,158,1,90,https://g8h74so6w0.execute-api.us-east-1.amazonaws.com/dev/ping,,539,ISO-8859-1,1,0,0,412
1527358214221,640,https://g8h74so6w0.execute-api.us-east-1.amazonaws.com/dev/ping,200,OK,Thread Group 1-152,text,true,,529,158,1,85,https://g8h74so6w0.execute-api.us-east-1.amazonaws.com/dev/ping,,640,ISO-8859-1,1,0,0,444
1527358215721,492,https://g8h74so6w0.execute-api.us-east-1.amazonaws.com/dev/ping,200,OK,Thread Group 1-153,text,true,,529,158,1,86,https://g8h74so6w0.execute-api.us-east-1.amazonaws.com/dev/ping,,492,ISO-8859-1,1,0,0,384
1527358217222,492,https://g8h74so6w0.execute-api.us-east-1.amazonaws.com/dev/ping,200,OK,Thread Group 1-154,text,true,,529,158,1,85,https://g8h74so6w0.execute-api.us-east-1.amazonaws.com/dev/ping,,492,ISO-8859-1,1,0,0,382
1527358218721,531,https://g8h74so6w0.execute-api.us-east-1.amazonaws.com/dev/ping,200,OK,Thread Group 1-155,text,true,,529,158,1,89,https://g8h74so6w0.execute-api.us-east-1.amazonaws.com/dev/ping,,531,ISO-8859-1,1,0,0,413
1527358220221,487,https://g8h74so6w0.execute-api.us-east-1.amazonaws.com/dev/ping,200,OK,Thread Group 1-156,text,true,,529,158,1,91,https://g8h74so6w0.execute-api.us-east-1.amazonaws.com/dev/ping,,487,ISO-8859-1,1,0,0,379
1527358221721,521,https://g8h74so6w0.execute-api.us-east-1.amazonaws.com/dev/ping,200,OK,Thread Group 1-157,text,true,,529,158,1,86,https://g8h74so6w0.execute-api.us-east-1.amazonaws.com/dev/ping,,521,ISO-8859-1,1,0,0,410
1527358223192,498,https://g8h74so6w0.execute-api.us-east-1.amazonaws.com/dev/ping,200,OK,Thread Group 1-158,text,true,,529,158,1,90,https://g8h74so6w0.execute-api.us-east-1.amazonaws.com/dev/ping,,498,ISO-8859-1,1,0,0,386
1527358224692,535,https://g8h74so6w0.execute-api.us-east-1.amazonaws.com/dev/ping,200,OK,Thread Group 1-159,text,true,,529,158,1,91,https://g8h74so6w0.execute-api.us-east-1.amazonaws.com/dev/ping,,535,ISO-8859-1,1,0,0,418
1527358226193,517,https://g8h74so6w0.execute-api.us-east-1.amazonaws.com/dev/ping,200,OK,Thread Group 1-160,text,true,,529,158,1,89,https://g8h74so6w0.execute-api.us-east-1.amazonaws.com/dev/ping,,517,ISO-8859-1,1,0,0,407
1527358227723,557,https://g8h74so6w0.execute-api.us-east-1.amazonaws.com/dev/ping,200,OK,Thread Group 1-161,text,true,,529,158,1,86,https://g8h74so6w0.execute-api.us-east-1.amazonaws.com/dev/ping,,557,ISO-8859-1,1,0,0,405
1527358229223,881,https://g8h74so6w0.execute-api.us-east-1.amazonaws.com/dev/ping,200,OK,Thread Group 1-162,text,true,,529,158,1,85,https://g8h74so6w0.execute-api.us-east-1.amazonaws.com/dev/ping,,881,ISO-8859-1,1,0,0,402
1527358230723,506,https://g8h74so6w0.execute-api.us-east-1.amazonaws.com/dev/ping,200,OK,Thread Group 1-163,text,true,,529,158,1,90,https://g8h74so6w0.execute-api.us-east-1.amazonaws.com/dev/ping,,506,ISO-8859-1,1,0,0,389
1527358232197,521,https://g8h74so6w0.execute-api.us-east-1.amazonaws.com/dev/ping,200,OK,Thread Group 1-164,text,true,,529,158,1,87,https://g8h74so6w0.execute-api.us-east-1.amazonaws.com/dev/ping,,521,ISO-8859-1,1,0,0,404
1527358233723,538,https://g8h74so6w0.execute-api.us-east-1.amazonaws.com/dev/ping,200,OK,Thread Group 1-165,text,true,,529,158,1,89,https://g8h74so6w0.execute-api.us-east-1.amazonaws.com/dev/ping,,538,ISO-8859-1,1,0,0,403
1527358235222,518,https://g8h74so6w0.execute-api.us-east-1.amazonaws.com/dev/ping,200,OK,Thread Group 1-166,text,true,,529,158,1,90,https://g8h74so6w0.execute-api.us-east-1.amazonaws.com/dev/ping,,518,ISO-8859-1,1,0,0,393
1527358236722,510,https://g8h74so6w0.execute-api.us-east-1.amazonaws.com/dev/ping,200,OK,Thread Group 1-167,text,true,,529,158,1,91,https://g8h74so6w0.execute-api.us-east-1.amazonaws.com/dev/ping,,510,ISO-8859-1,1,0,0,395
1527358238195,1582,https://g8h74so6w0.execute-api.us-east-1.amazonaws.com/dev/ping,200,OK,Thread Group 1-168,text,true,,529,158,2,85,https://g8h74so6w0.execute-api.us-east-1.amazonaws.com/dev/ping,,1582,ISO-8859-1,1,0,0,1471
1527358239692,520,https://g8h74so6w0.execute-api.us-east-1.amazonaws.com/dev/ping,200,OK,Thread Group 1-169,text,true,,529,158,1,89,https://g8h74so6w0.execute-api.us-east-1.amazonaws.com/dev/ping,,520,ISO-8859-1,1,0,0,410
1527358241192,495,https://g8h74so6w0.execute-api.us-east-1.amazonaws.com/dev/ping,200,OK,Thread Group 1-170,text,true,,529,158,1,89,https://g8h74so6w0.execute-api.us-east-1.amazonaws.com/dev/ping,,495,ISO-8859-1,1,0,0,386
1527358242722,492,https://g8h74so6w0.execute-api.us-east-1.amazonaws.com/dev/ping,200,OK,Thread Group 1-171,text,true,,529,158,1,87,https://g8h74so6w0.execute-api.us-east-1.amazonaws.com/dev/ping,,492,ISO-8859-1,1,0,0,373
1527358244223,513,https://g8h74so6w0.execute-api.us-east-1.amazonaws.com/dev/ping,200,OK,Thread Group 1-172,text,true,,529,158,1,87,https://g8h74so6w0.execute-api.us-east-1.amazonaws.com/dev/ping,,513,ISO-8859-1,1,0,0,399
1527358245722,501,https://g8h74so6w0.execute-api.us-east-1.amazonaws.com/dev/ping,200,OK,Thread Group 1-173,text,true,,529,158,1,89,https://g8h74so6w0.execute-api.us-east-1.amazonaws.com/dev/ping,,501,ISO-8859-1,1,0,0,391
1527358247192,537,https://g8h74so6w0.execute-api.us-east-1.amazonaws.com/dev/ping,200,OK,Thread Group 1-174,text,true,,529,158,1,93,https://g8h74so6w0.execute-api.us-east-1.amazonaws.com/dev/ping,,537,ISO-8859-1,1,0,0,401
1527358248692,532,https://g8h74so6w0.execute-api.us-east-1.amazonaws.com/dev/ping,200,OK,Thread Group 1-175,text,true,,529,158,1,89,https://g8h74so6w0.execute-api.us-east-1.amazonaws.com/dev/ping,,532,ISO-8859-1,1,0,0,407
1527358250192,494,https://g8h74so6w0.execute-api.us-east-1.amazonaws.com/dev/ping,200,OK,Thread Group 1-176,text,true,,529,158,1,90,https://g8h74so6w0.execute-api.us-east-1.amazonaws.com/dev/ping,,494,ISO-8859-1,1,0,0,388
1527358251693,548,https://g8h74so6w0.execute-api.us-east-1.amazonaws.com/dev/ping,200,OK,Thread Group 1-177,text,true,,529,158,1,88,https://g8h74so6w0.execute-api.us-east-1.amazonaws.com/dev/ping,,548,ISO-8859-1,1,0,0,408
1527358253192,552,https://g8h74so6w0.execute-api.us-east-1.amazonaws.com/dev/ping,200,OK,Thread Group 1-178,text,true,,529,158,1,86,https://g8h74so6w0.execute-api.us-east-1.amazonaws.com/dev/ping,,552,ISO-8859-1,1,0,0,383
1527358254700,607,https://g8h74so6w0.execute-api.us-east-1.amazonaws.com/dev/ping,200,OK,Thread Group 1-179,text,true,,529,158,1,89,https://g8h74so6w0.execute-api.us-east-1.amazonaws.com/dev/ping,,607,ISO-8859-1,1,0,0,493
1527358256193,703,https://g8h74so6w0.execute-api.us-east-1.amazonaws.com/dev/ping,200,OK,Thread Group 1-180,text,true,,529,158,1,86,https://g8h74so6w0.execute-api.us-east-1.amazonaws.com/dev/ping,,703,ISO-8859-1,1,0,0,561
1527358257692,524,https://g8h74so6w0.execute-api.us-east-1.amazonaws.com/dev/ping,200,OK,Thread Group 1-181,text,true,,529,158,1,87,https://g8h74so6w0.execute-api.us-east-1.amazonaws.com/dev/ping,,524,ISO-8859-1,1,0,0,402
1527358259192,489,https://g8h74so6w0.execute-api.us-east-1.amazonaws.com/dev/ping,200,OK,Thread Group 1-182,text,true,,529,158,1,88,https://g8h74so6w0.execute-api.us-east-1.amazonaws.com/dev/ping,,489,ISO-8859-1,1,0,0,384
1527358260692,529,https://g8h74so6w0.execute-api.us-east-1.amazonaws.com/dev/ping,200,OK,Thread Group 1-183,text,true,,529,158,1,89,https://g8h74so6w0.execute-api.us-east-1.amazonaws.com/dev/ping,,529,ISO-8859-1,1,0,0,388
1527358262195,484,https://g8h74so6w0.execute-api.us-east-1.amazonaws.com/dev/ping,200,OK,Thread Group 1-184,text,true,,529,158,1,87,https://g8h74so6w0.execute-api.us-east-1.amazonaws.com/dev/ping,,484,ISO-8859-1,1,0,0,376
1527358263692,515,https://g8h74so6w0.execute-api.us-east-1.amazonaws.com/dev/ping,200,OK,Thread Group 1-185,text,true,,529,158,1,86,https://g8h74so6w0.execute-api.us-east-1.amazonaws.com/dev/ping,,515,ISO-8859-1,1,0,0,405
1527358265192,524,https://g8h74so6w0.execute-api.us-east-1.amazonaws.com/dev/ping,200,OK,Thread Group 1-186,text,true,,529,158,1,88,https://g8h74so6w0.execute-api.us-east-1.amazonaws.com/dev/ping,,524,ISO-8859-1,1,0,0,410
1527358266692,516,https://g8h74so6w0.execute-api.us-east-1.amazonaws.com/dev/ping,200,OK,Thread Group 1-187,text,true,,529,158,1,90,https://g8h74so6w0.execute-api.us-east-1.amazonaws.com/dev/ping,,516,ISO-8859-1,1,0,0,404
1527358268192,498,https://g8h74so6w0.execute-api.us-east-1.amazonaws.com/dev/ping,200,OK,Thread Group 1-188,text,true,,529,158,1,88,https://g8h74so6w0.execute-api.us-east-1.amazonaws.com/dev/ping,,498,ISO-8859-1,1,0,0,384
1527358269692,541,https://g8h74so6w0.execute-api.us-east-1.amazonaws.com/dev/ping,200,OK,Thread Group 1-189,text,true,,529,158,1,85,https://g8h74so6w0.execute-api.us-east-1.amazonaws.com/dev/ping,,541,ISO-8859-1,1,0,0,419
1527358271192,702,https://g8h74so6w0.execute-api.us-east-1.amazonaws.com/dev/ping,200,OK,Thread Group 1-190,text,true,,529,158,1,87,https://g8h74so6w0.execute-api.us-east-1.amazonaws.com/dev/ping,,702,ISO-8859-1,1,0,0,495
1527358272722,517,https://g8h74so6w0.execute-api.us-east-1.amazonaws.com/dev/ping,200,OK,Thread Group 1-191,text,true,,529,158,1,86,https://g8h74so6w0.execute-api.us-east-1.amazonaws.com/dev/ping,,517,ISO-8859-1,1,0,0,404
1527358274221,487,https://g8h74so6w0.execute-api.us-east-1.amazonaws.com/dev/ping,200,OK,Thread Group 1-192,text,true,,529,158,1,89,https://g8h74so6w0.execute-api.us-east-1.amazonaws.com/dev/ping,,487,ISO-8859-1,1,0,0,376
1527358275721,490,https://g8h74so6w0.execute-api.us-east-1.amazonaws.com/dev/ping,200,OK,Thread Group 1-193,text,true,,529,158,1,89,https://g8h74so6w0.execute-api.us-east-1.amazonaws.com/dev/ping,,490,ISO-8859-1,1,0,0,380
1527358277193,491,https://g8h74so6w0.execute-api.us-east-1.amazonaws.com/dev/ping,200,OK,Thread Group 1-194,text,true,,529,158,1,87,https://g8h74so6w0.execute-api.us-east-1.amazonaws.com/dev/ping,,491,ISO-8859-1,1,0,0,385
1527358278693,506,https://g8h74so6w0.execute-api.us-east-1.amazonaws.com/dev/ping,200,OK,Thread Group 1-195,text,true,,529,158,1,88,https://g8h74so6w0.execute-api.us-east-1.amazonaws.com/dev/ping,,506,ISO-8859-1,1,0,0,395
1527358280193,502,https://g8h74so6w0.execute-api.us-east-1.amazonaws.com/dev/ping,200,OK,Thread Group 1-196,text,true,,529,158,1,85,https://g8h74so6w0.execute-api.us-east-1.amazonaws.com/dev/ping,,502,ISO-8859-1,1,0,0,390
1527358281693,522,https://g8h74so6w0.execute-api.us-east-1.amazonaws.com/dev/ping,200,OK,Thread Group 1-197,text,true,,529,158,1,86,https://g8h74so6w0.execute-api.us-east-1.amazonaws.com/dev/ping,,522,ISO-8859-1,1,0,0,402
1527358283193,522,https://g8h74so6w0.execute-api.us-east-1.amazonaws.com/dev/ping,200,OK,Thread Group 1-198,text,true,,529,158,1,87,https://g8h74so6w0.execute-api.us-east-1.amazonaws.com/dev/ping,,521,ISO-8859-1,1,0,0,412
1527358284693,516,https://g8h74so6w0.execute-api.us-east-1.amazonaws.com/dev/ping,200,OK,Thread Group 1-199,text,true,,529,158,1,88,https://g8h74so6w0.execute-api.us-east-1.amazonaws.com/dev/ping,,516,ISO-8859-1,1,0,0,398
1527358286193,1508,https://g8h74so6w0.execute-api.us-east-1.amazonaws.com/dev/ping,200,OK,Thread Group 1-200,text,true,,529,158,1,79,https://g8h74so6w0.execute-api.us-east-1.amazonaws.com/dev/ping,,1508,ISO-8859-1,1,0,0,395
